id,category
0e6f59e1-d7a1-4e4e-9a41-5188b96024c8.jpg,0
0ecefc69-d987-4bd2-8000-2c6120672217.jpg,0
0eaf2403-d8c9-4ad5-b89b-69bb178dba30.jpg,0
0f49d62b-f490-43ea-b767-68c40a613fa6.jpg,0
0e15a1a0-6567-4669-b1cf-4e5fa2a298f7.jpg,0
0eaf2870-82dc-4836-9545-7f898bc43dc3.jpg,1
0f913245-1412-4308-97d9-d10f590461f5.jpg,0
0cb58079-9bad-4f1d-923c-30ab4c7a3808.jpg,0
0d6fcdc8-d18a-4cf5-8fcd-dc93ea3e6468.jpg,0
0c5e07b3-6350-442e-a2d3-a31d986d71ca.jpg,0
0ac5c4e2-a5ce-4f30-ac80-2ca1ee793ee1.jpg,0
0c04384a-d274-4881-b915-c3b6dd154fd7.jpg,0
0b398255-ab8e-4f0e-b51f-55123af06e35.jpg,0
0b2e0680-6192-4cc1-b7ea-eaa85f90450e.jpg,0
0ad43cb2-1394-45c0-988c-9b0978e6e40e.jpg,0
0a0d683f-eab1-4d5e-b582-21c5072ab75b.jpg,0
0a81d46b-3793-453d-bdc3-fd9b949710b0.jpg,0
07bbb266-0888-4374-8e2b-8c306b9f18f9.jpg,0
07cbc517-1e16-4da5-8325-f3374324c098.jpg,0
07a571fd-fd65-4821-8067-006231c3829d.jpg,0
068dd93a-f1d1-4e52-ab7b-77894723c209.jpg,1
04dbbf8a-17a9-40e8-9e41-0d28e81ed4f6.jpg,0
04c0b6b6-f51a-476f-9dff-cd95f668d8fb.jpg,0
04475007-c7de-45c7-8cf0-a8a86f69b9d4.jpg,0
0757ddf6-51f8-4ac4-a743-cba63db0aefc.jpg,0
073816f0-5642-48a3-b7a1-05e3df582238.jpg,0
01bc0b5f-2701-4670-9edf-6162ed6d65ab.jpg,0
009b786c-b566-42d6-b62a-c191be65708a.jpg,0
0487ece9-58d0-4f56-8360-5f7995b184ca.jpg,0
000af6a7-8302-4085-b448-6eae2c1a60e5.jpg,1
2eccd098-e50e-40c0-9cc8-886d7b52e320.jpg,0
2a2c7a14-1cea-4927-affb-a0738f8275e2.jpg,1
2a1e3a0c-e660-4ec5-b1ef-059cb00b968d.jpg,0
28d488ed-0232-4268-97f3-3b8e32dcb234.jpg,0
249e822f-8e7c-4e20-9443-62eefa7ea46d.jpg,0
250500fb-3767-4474-b9ac-9c01772f37f3.jpg,0
27ec31b8-30ce-47fa-b010-97efafe030ab.jpg,0
29bb81c5-e80e-4868-875e-0e6108f96000.jpg,0
28e1bc99-1bf2-4568-9177-6784622929fa.jpg,0
2497b6a5-f70c-47e4-abf1-e4b8a333ec30.jpg,0
261e4276-04d0-4dbd-befc-be5c89056a6f.jpg,0
28aa8c82-1ecd-4ca2-9940-0b1906ee7aea.jpg,1
241a4078-7f5a-42d5-a652-00b6643ab13f.jpg,0
1f03e735-3f42-4888-9901-0b2b2e583985.jpg,1
1f9d4cd5-113d-46d7-963a-6b2c7e2a25d5.jpg,0
1d4a8c37-ec43-432e-913a-cb98ebfabb26.jpg,0
1ceb7ef9-47b8-4ab0-81ed-a83cf2597774.jpg,0
1c549f85-c3b0-4ede-8177-6c6660dd5e21.jpg,0
21b61627-50fe-491c-8c7b-2df025914af8.jpg,0
1bd48787-d42e-4d36-ba5c-cbed519166d8.jpg,0
230f832b-7c20-4a7e-be3b-cf287e49df64.jpg,0
1f65d208-9b6d-4e22-a468-558070c86911.jpg,0
1b3c90e4-887d-4f5f-ae78-79e20f02cf51.jpg,0
1ab16228-7f5d-4c26-a84c-2e7fd9405f8f.jpg,0
1b32857a-5690-4873-8b29-2692bff385a5.jpg,0
194dc79e-db36-4f7f-af27-27d7d591da97.jpg,0
16f59f52-86e9-4016-bca0-836d9c451f8c.jpg,1
1742577d-c1b5-4aff-ae3a-30b74fb91e4e.jpg,0
181c0ef0-7816-4a42-91c2-604fd3f3a9bc.jpg,0
196fb1c3-d502-49e7-b554-c5124fa7322f.jpg,0
175fdbdf-4ba0-4747-88ba-661bbd98574b.jpg,0
1a7e9d67-aeb0-4190-8cf4-d707d9cc4327.jpg,1
16e0a6f2-fe60-44a0-80f7-291e16550ece.jpg,1
136dbecf-ab1b-4f42-b0ef-91d83dec4f7b.jpg,0
16cd67f0-b8e4-475b-a1ad-0bb736642a53.jpg,1
14c919de-6567-4a45-b834-c1f5af661e3f.jpg,0
163920ed-6b50-407b-baa7-5144814d8f06.jpg,0
13120024-7ac1-496f-8631-cdf513febbf7.jpg,0
15288525-fd3e-488f-846c-a66ade26ffec.jpg,0
1640cbbc-b5d4-4b07-b370-bc3d6ff96b60.jpg,0
15ecee73-fdaa-4c2b-a933-300f3e854a96.jpg,0
0fc1cfa7-e734-4a94-af08-d2b060bd176e.jpg,0
0fb97124-a040-4bef-9860-fd91c5e89fc1.jpg,0
483b3aa5-d059-48df-9bf6-1f9c2a4f1e50.jpg,0
4b19b073-69b9-4780-a9a6-1e3ca2c884b7.jpg,0
49ebcd36-091e-4962-b4f7-cf0fece53898.jpg,0
473ed123-90b1-4787-b03f-6609ca9de5b3.jpg,0
4b430462-142f-48a3-adb4-75394f83bfcf.jpg,1
486bf810-44e2-41c6-bead-298ae5985f32.jpg,1
47701281-1dee-471d-9e6d-21d647909432.jpg,0
45679b91-574f-45d9-94e7-ea6f5a9db0ae.jpg,0
44e507e8-d52b-4c26-bd5a-4737dc92928b.jpg,0
43fb6c55-6de9-4e97-b1e7-247350d73a1f.jpg,0
426a245d-c469-46ec-abb3-09e130516bfa.jpg,0
3ee6e332-d782-4da3-b81e-bed51a718b5c.jpg,1
4278b7f6-725f-4808-8b30-20ab63fa5a17.jpg,0
4346d9a5-dccc-4494-b139-aa04bcea591f.jpg,1
428e3587-252d-4e12-b1c8-558540c2fe78.jpg,1
430edbbe-5ac1-4094-aacb-0356681906d2.jpg,0
43ce181d-5177-4d05-afbc-eeaaff49d791.jpg,0
3fc76158-c78c-4fd1-9f7a-52998b053d51.jpg,0
3f79e87e-3505-4583-a00b-eb6ca7d1b886.jpg,0
3eaeb40b-1c16-4fa4-bc1f-f80d6d9ad79c.jpg,1
362a081b-0b98-4916-b4ac-569300b2c5e6.jpg,1
36b24f4d-e02c-4e55-bea1-0eb91ad3795a.jpg,0
3c73cfc6-2e6a-43a0-b273-9a1cc5075e81.jpg,0
36dc7dac-7aa0-4492-87d9-d3fae3e272ab.jpg,0
3b1f9828-110e-4e40-9272-d40323120887.jpg,1
3db80402-cb78-4f23-b7f3-1c948a8a6b99.jpg,0
395cb3b0-a7a4-4ec7-80f2-1cfffc6cc573.jpg,0
36fd4f61-e2a9-4579-a04f-b2af25d8722a.jpg,0
3aac7c8c-f4b9-46a2-82c6-c982cc19da51.jpg,0
36116e51-62b1-4ef5-b0a1-30768352432e.jpg,0
33faa14f-386d-4f17-89d3-4c9d85e6afcd.jpg,0
3082bccf-6d50-4171-b736-210f5aef625f.jpg,0
31e9ec6a-cc85-4a53-86fa-b97150a1aa7a.jpg,0
325c1c6d-5fd4-4bb5-b854-858a06cb688b.jpg,0
315d7c83-f2b6-42bb-8aed-40fba0a27362.jpg,0
353332fe-4cf3-42ba-bb5a-bb2af35ceff6.jpg,0
342d9b6f-e9fe-417d-8ccc-6bbb7ab6d501.jpg,0
35bfe526-7d29-42f0-bd8c-216175656bcc.jpg,0
30cbf039-a21a-4d7e-9c09-9886b49976f4.jpg,0
303218c1-82cf-44f0-924f-47f82fd955f8.jpg,1
2cc9264f-6462-4e6d-85cb-1018c3406d9a.jpg,0
2e64e184-4a27-44ee-8bfe-d2e30bc2042f.jpg,0
2d410306-bcaa-4e87-b194-a9ea5d105c4b.jpg,0
2a5aadc5-5645-4231-8982-db3f0698a8bb.jpg,0
2d8dd836-d354-4717-8e36-9209fff19c0f.jpg,0
2b953d25-a67c-47cb-bf8d-122039294c5a.jpg,0
2cb4e125-1f71-42b0-b96f-b024f595de4f.jpg,0
62a256ba-9e52-4504-8290-c17dcecf9ec2.jpg,0
60ea3457-c23a-4e44-b723-6242002e249d.jpg,0
629e6fda-5fab-48a8-9fb3-b1943a40b3a5.jpg,0
6050cea5-0832-49c5-8c63-0f430b981aab.jpg,0
621149c9-e111-47fc-aa90-12d30e640c0b.jpg,0
62582f88-6390-43f6-8366-f42dbca53b9e.jpg,1
5f0e07ab-6f41-4154-bdd7-10cc4519c542.jpg,0
618f70f7-74ee-477c-b6c1-aed6608b821f.jpg,0
61857972-697c-4e75-80f6-f30123744e18.jpg,0
60351098-6737-4290-af43-30277e466b8e.jpg,0
5f0ac766-987e-4c11-a210-469fde819a1d.jpg,0
5c589c1a-f284-4a80-adb6-b1467e783410.jpg,0
5614d256-7d42-406c-8803-69fe8ccf827e.jpg,0
584c7dcf-ba3b-4df7-93cb-ca4e8cddafed.jpg,0
580db933-ca47-41ee-bca3-2f32973d632e.jpg,0
5ea87aca-0f86-4c82-a3ee-e06d1da7f1be.jpg,0
59891ba3-51f3-450f-90f1-c96bfa83bfdf.jpg,0
5f0950c9-a05d-440b-8507-59ffa63464cf.jpg,1
56b56808-35c8-49d8-a1d2-7014ced86180.jpg,0
5c4671f3-80e8-4a3d-a60a-5c1c30793932.jpg,0
55ec2793-8e60-4d98-b240-4de7f8d9750a.jpg,0
543a0718-40e8-46a2-9487-6e0ff21479b6.jpg,0
53753110-7dc2-47a4-a892-f44e67407b0d.jpg,1
543b675e-d3f9-4b8c-8fe5-c8b2ef945fd0.jpg,0
532a2928-7d7e-4ac5-a9c7-6bd1c94e7ab2.jpg,0
546ff4d3-9540-47f2-bed7-4d780e6a3636.jpg,0
548bf123-ed8a-492e-b24e-37db05330499.jpg,0
536a3b98-8818-4574-925e-e50c111a3a53.jpg,0
5583ce7e-74c8-4ab4-a80c-2ec920ff8f77.jpg,0
5272aba9-87c7-4992-9560-6227e1d9338a.jpg,0
516b1b0b-6358-45d4-ac22-29c10bf0b95f.jpg,0
4e886f07-76a0-4fd6-a56f-277a0937e49b.jpg,0
4e538c97-a941-4cd4-84f7-c528224658a9.jpg,0
4f61c286-2dbf-4ae1-988c-f186af8fef1c.jpg,1
4f741626-9170-4856-bdfa-9ec3fba5d861.jpg,1
4fa8fce6-2fb2-446b-9d8a-e312fbd96a48.jpg,0
4f2605ed-3e5c-421b-aa85-da2627dcb1d7.jpg,1
4d834aba-523c-4d6d-951b-d16adca70986.jpg,0
4e796650-8825-4331-8d6f-a3c1a565df12.jpg,0
4db87349-f26c-4ba2-8658-ee12c48f1aa5.jpg,0
4c9a1708-47b7-4fc9-8512-81be50a98a05.jpg,0
9d97df2e-c78d-4445-acfd-c9078452b573.jpg,0
9c4f3413-9b44-4cc8-8127-3457e82710f0.jpg,0
9cc11cc8-a4e5-4d11-a650-e9ee3e19e8e7.jpg,0
9b5527eb-017a-4b6b-8cf1-805340c812b3.jpg,0
9b907aca-04bc-42dc-b5ce-4bc4fbbd0fd6.jpg,1
9b614c8a-7fed-4829-bf02-e78c0c5a8ac4.jpg,0
9b5aab52-e4d0-44c9-ae92-3dbe369b6785.jpg,0
9b3fefc0-6509-4fdf-92c9-3012b001ce18.jpg,0
9b72f965-adca-446c-b799-041074fba3b9.jpg,0
99e43f26-bcb9-4b91-8099-f155ce5581da.jpg,0
95bfbf5e-8595-4b25-9df4-0d004d5b97f2.jpg,0
98a173b6-786f-48c7-bf4b-ea3127d86331.jpg,0
974ff1d4-3485-4fe5-9cb1-9a6e4805495b.jpg,0
9910f29b-635d-45df-9b87-e3964a070500.jpg,0
959c09a5-823a-4829-8ac0-5b31a1213477.jpg,0
96e5c1fb-13ac-4eec-9635-be3e3b0922fb.jpg,0
99d61cb7-e36b-4017-a9d6-d73c9d687b4f.jpg,1
95a08f54-25a1-4f7c-bcae-07546a4bb952.jpg,0
96ec2762-c110-4349-92f0-427ffd53cfad.jpg,0
93c6cc0e-f5a5-45e9-b364-23f3bebe348d.jpg,1
926d760c-5e8c-4de5-89b5-5b64dcf85b1d.jpg,0
91637759-688c-43bf-a3f1-0e756a3a2d12.jpg,0
8df93979-44da-4ed9-8941-ae614247f713.jpg,1
8dd96d6f-eb00-40a2-838c-15370b68fdc7.jpg,0
9119f413-b77b-4f3d-8943-311794f94608.jpg,0
8d28ebf1-0110-40a4-8f49-a4f35f0a6af5.jpg,0
8e1fe4ea-366d-4b4e-8f7a-153f7744f5f0.jpg,1
8f7f85ed-12f7-4b62-bd23-34cef5f77341.jpg,0
901c4c4c-efaa-47f4-b0bd-825f16bec5c8.jpg,0
8c62a8a8-af9a-4e1d-a108-1f98ce6156fb.jpg,0
8a5b2d92-ba4f-475e-99da-ed715a987f6b.jpg,0
89c46891-5028-4c5d-8c04-14899f78c0dc.jpg,0
8b90d0fe-7b48-42af-933a-f3037ee1b4e6.jpg,0
871d190c-2c65-4124-88d7-66db74b29472.jpg,0
89929622-60f5-4cec-9c63-8db6612425ad.jpg,0
87842476-c567-4f8d-9524-f5f899452356.jpg,0
89306b0a-d936-46fd-84fa-e836e3cc3068.jpg,0
884d3cf7-d7ac-451f-a551-e30619a860da.jpg,0
89af0166-148c-452e-851d-f11f0dcefca2.jpg,0
86d77396-42c6-41a6-a559-fe4f5e37e4aa.jpg,0
81420135-aadb-4214-9532-77ab51f5be9c.jpg,0
85ec01e8-159e-48a0-bb3f-4a5024fb5133.jpg,0
82e8c42a-98b2-4877-9eb2-b4c907a9e483.jpg,0
8365ca01-efab-4e22-8864-1ce96a4d7648.jpg,0
83c885fd-9a2d-496a-aea4-c1c321b30f6f.jpg,0
81c5099c-c8fb-4cd9-acb4-d33a1bbe98e7.jpg,0
81caa64a-bf21-4843-a3c9-761747e2cbef.jpg,0
817c04c5-afc5-4eec-9f88-d42058e0ab81.jpg,1
7fdbad57-6a22-4995-b315-e705e87b8113.jpg,0
7f54e718-50eb-4cc0-b643-7d4880fb0bbd.jpg,0
7d3eada0-513e-44ea-874b-05facdbb74e0.jpg,0
796c12c5-0cf0-4085-9d38-4934ae6458bc.jpg,1
7d3200e2-36f8-48d9-93df-6f2eec02865c.jpg,0
79af31da-a480-489b-bbc8-5711afa4b038.jpg,0
791c7e7b-8f6c-471c-b3f0-a4f4f815a9d6.jpg,0
79366ff6-b976-4319-a575-a0257bcd78f6.jpg,0
7af0dd61-c06f-4bb3-bcda-777973833d57.jpg,0
7cf71e6c-3167-463f-a0ee-35a533aa4c40.jpg,1
7b40c5b7-e353-40a4-8e9b-b53a0e7a5690.jpg,0
74d6d9b6-58ed-48a6-bc92-b1c5f873ed1d.jpg,0
7176f9c8-5911-4f4b-9a56-074e830ca2a7.jpg,0
707f800a-3fed-4980-9edd-34d47edd9792.jpg,0
7422b877-e342-4ca4-8e9f-1840c8c0b611.jpg,0
73071a36-813f-4c16-910f-dd621d2cbfff.jpg,0
6db03255-e5d5-4c15-b533-b060b6fedf2d.jpg,1
72720f5b-aa5a-4b8d-938f-c90600e08b2c.jpg,0
6e1d44ac-e3ea-438b-9696-74c4a68b5b78.jpg,0
74a8219a-19f7-405f-a94b-8d0e77b8b0b4.jpg,0
6d926d82-dbb9-485d-8d08-984af7c130d8.jpg,0
6d91a19e-c0ea-4ea8-a9f1-934233443fcc.jpg,0
6887326e-b44f-4244-a4ba-e29ed80960ef.jpg,0
6b4006ad-cee6-4968-8f08-dc661fcab661.jpg,0
6715d83f-9ef9-41ea-a44b-d340a0667cc9.jpg,0
69b60a05-9b27-4b3d-9c73-d0af52592f73.jpg,0
6d78b9a8-ceb3-45b1-9dd5-1507306499ca.jpg,0
6b499321-0d61-4ece-84f7-9d958359845d.jpg,0
6833219c-2b33-41ec-b4fc-ac0d3694910a.jpg,0
6876674f-3c4f-4afe-9ca2-fd40d7914cf6.jpg,0
661b942d-a4eb-4b21-b39a-bf887a7b6ce7.jpg,0
666e43c6-3681-4751-9939-38bc27ffcae9.jpg,0
6417f582-beab-44c9-9f05-5d0987f8c52b.jpg,0
655f3479-b7d1-4bc7-8467-58943b189fcf.jpg,0
63eac125-1d6c-469d-aaa3-0286d1ea6a41.jpg,0
64c4f9da-ed8d-47f4-9f41-68b4b8390807.jpg,0
638a9fd9-42c0-4d7f-8b8c-273918bcbc1e.jpg,0
630891c5-fee3-418a-aeb0-423fe18e1f74.jpg,0
6549161c-6c0e-474f-b37c-c47c481ebb7a.jpg,0
646ba701-cd50-4c5c-9dc8-ca5b75a16a18.jpg,0
64539169-6d2f-4097-b567-0c1ebfe4db83.jpg,0
b77603a2-7d7e-4273-8472-1cfc3e7a0ade.jpg,1
b80dd13a-e847-4de4-ae92-ad600514a9b0.jpg,0
b70fee29-1fae-4061-a8c6-629be05af5e3.jpg,0
b41f6781-28c7-48fb-8f7e-bef28150492e.jpg,1
b6caf751-a25f-4811-9cb3-4d1863335b6b.jpg,0
b4ee1532-417d-4bf8-a91b-b20aa5ef8558.jpg,0
b569088b-c663-499f-851f-6309590e8bf5.jpg,0
b674754d-030f-47a2-9f26-8a48638f4799.jpg,0
b5bff7b8-bdbc-40b4-b0e7-37dc925ab004.jpg,0
b30ce992-9749-4e59-bee3-13a21fdb7c06.jpg,0
b3c3da3e-b642-4ceb-87aa-e9a432e7d655.jpg,1
b38cfd02-418f-4d51-b5f1-b129abb9e1e2.jpg,0
b2e93a5d-544d-4f53-a475-f3c2ff5045b9.jpg,0
ac825fbb-0aef-4915-88bc-5e180c379c80.jpg,0
aed5f737-7ca9-4896-ad0b-1b7aa78c9f7f.jpg,0
ae617fb8-4bf2-4d47-b41d-31a3692b9192.jpg,0
adfffd23-0f07-4fc4-9331-e330bc7caa58.jpg,0
ac5b4b75-4cad-4bb3-9853-71c6b4925b11.jpg,0
b0f32406-ffab-4bc5-8757-bd2634ba84e3.jpg,1
ae1f591e-9606-4adf-a3a7-4330bccae8b4.jpg,0
ac636bd6-8464-4189-815a-6bb8facf6ed7.jpg,0
ae8ecfb5-9413-43bb-a89b-e835038c06ee.jpg,0
ab81872a-bf16-49ee-a851-ad6f126145e1.jpg,0
a782f432-1b10-4005-882f-45309ee32dcd.jpg,0
aa251922-643b-484e-a8ac-6cce75814643.jpg,0
a75a8110-97cf-4f17-b985-14e6876734ee.jpg,1
a5e39f11-a09f-42c6-8b9b-0ab2a0f820ba.jpg,0
a647163f-1945-458d-aec1-816273bef927.jpg,0
a5b76dd5-3f4b-4c4c-bb10-ee0ba79281d4.jpg,0
a7d0062b-9a89-4e3e-bf21-09718b02eb61.jpg,0
a65f0ccf-bd93-4c73-8ef7-0858387b8228.jpg,0
a61d2bc8-f1ea-49b3-840d-e01f2fdd05c5.jpg,0
a597d8aa-94b0-4ab7-a9ab-87d9fb600d81.jpg,0
a228f8f3-e525-4b1d-9374-af1cf858ab40.jpg,0
a43e16b6-2f31-4b7b-887e-8c16cb651949.jpg,0
9ee981af-54aa-4712-8c52-804d8dbbafd9.jpg,1
a0ac3779-9aa7-4290-af9d-d90189b9e64a.jpg,0
a203ffc2-a7bf-4bf4-8e72-3bef01a43577.jpg,1
a1f59fc9-5757-493a-875f-1519121f156b.jpg,0
9e2168f1-0fe7-4db8-8984-7daf481a777a.jpg,0
9e9e41bc-9d16-4107-b6a5-9e71ad353a30.jpg,0
9e5d951e-2883-4f18-a438-f85d4290b12a.jpg,1
9e04a631-05b8-427f-b602-8adea29ba519.jpg,0
f1dd0292-356c-48e1-abac-7b6f0e4e0285.jpg,1
f04d1a1a-c22b-4e05-a30f-3a9962f36274.jpg,0
ec61557c-c7eb-4ec0-a122-a4cf7e06057c.jpg,0
ee6ee2e6-1f19-4cc1-b096-ceffcdce4561.jpg,1
ef50c78c-361a-4818-a2fd-4ac8f3447f7d.jpg,0
ee44d803-c2c6-4cd9-ab47-ea94046c8879.jpg,0
efea6cac-306c-4e68-b815-ca8bd524c639.jpg,0
ef70e1b0-2465-4820-b134-f59363237ed2.jpg,0
ed9ba1a5-2002-4514-8bf6-8826417c8e54.jpg,0
ec5a83ea-5f98-43a4-84a8-7f05e218300d.jpg,0
ec3e5952-76ca-4e6c-bfeb-9aabe9139d3c.jpg,0
ebbfeb30-171f-4203-a283-ade7fd1b02f6.jpg,0
e7977afa-cdd7-45d8-94b7-a34e9e868273.jpg,0
eba759dd-84b4-4675-9978-4c35337ed47d.jpg,0
eb29878d-f275-42c1-b338-2b03baaee01f.jpg,0
e916dc2c-f799-4077-9576-8029cc081a88.jpg,0
e7e81574-6b48-4526-975b-12d573d51108.jpg,0
eb028f9c-3e98-4a89-924c-c12dbf36840c.jpg,0
e903a6ab-96f0-4a32-a1d8-ea8b6762c5d4.jpg,0
e72b3eed-a57d-47cd-92d2-21b3e2b786ff.jpg,0
e6ceba01-6b94-4aed-abb3-c26412bfc587.jpg,0
e47c6bfa-23cb-46fd-a704-8dce683a5116.jpg,0
e51894fa-f7d1-4c02-b3c5-630fbaa33126.jpg,0
e31e15be-3b3e-4c2c-97e5-723ce882773f.jpg,0
e4e8b07e-61dd-4d9e-8ad6-8c1129249e09.jpg,0
e2dd057f-c35c-40c9-81c9-948288f26fcd.jpg,0
e687c796-3580-41d4-91ef-dc790fe25a5b.jpg,0
e1ecaed0-5c7a-49e2-ad22-f42991e66101.jpg,0
e2909547-3918-4e54-badc-e87d3d988033.jpg,1
e6aa6e21-b1b9-4779-b388-b2d4eced33c7.jpg,0
e1b8a20e-0013-492f-a327-20c8a6286667.jpg,0
dd9266cf-05a9-4cb0-a2c7-f38bd9e7881e.jpg,1
dc3d41e9-d172-487b-87b0-a452b2faf16b.jpg,1
deeb62e3-ffc9-4262-83d9-b4d36203f5be.jpg,0
de10920b-5b49-43df-83f0-b2ac242c74b9.jpg,0
dfb1182c-6489-44b7-9a0c-2a14f53f5e70.jpg,0
dfba51c7-55cc-461e-a6af-f028cdaa9ed3.jpg,1
dbb3c753-5cf3-4016-aedf-cec32aa34899.jpg,0
db63949a-4265-4b15-bbfc-59a81afe2a8e.jpg,0
dafac409-63a4-49c7-a721-e4cf87ab4c34.jpg,0
dc8bb199-0e30-4e8b-ba2e-7b0fac491c6d.jpg,0
daa9717a-d804-493d-8ce0-8218f78e148f.jpg,0
d7da7037-5bfe-470f-a4a8-54189f5f9512.jpg,0
d94cb080-b4dd-412a-8aea-6bfc9c01fa36.jpg,0
d9f23b5a-5a6d-4cc8-ba27-52e66d59e38d.jpg,0
d6d917a2-8349-4772-b98a-babe526799e4.jpg,0
d81d9532-0054-47be-9948-1e0e51b3ee17.jpg,1
d97e2173-e014-4acb-9aae-11fa4535be69.jpg,0
da3dfdd2-b9c4-4bca-bf21-ee8723280f51.jpg,0
d709a9ce-1263-40b1-b4b7-f2b0545c3797.jpg,0
d4846c08-cc42-451e-ad34-00195fbce89b.jpg,0
cfa613dd-b2b0-4d49-a328-f01ab2be56ab.jpg,0
ce61a548-d7aa-4fe6-b0e5-03abc1492a34.jpg,0
ce8a875e-f814-4dae-b876-c58145c1dafc.jpg,0
d2acbcde-a9ea-4a55-b55b-986ee506f5bc.jpg,0
d33624d7-0c87-4445-9f38-6587a15e0f24.jpg,0
d255d5f2-d915-46a7-aee6-db0af2c08b2a.jpg,0
d3c5074d-7cb1-4330-917e-889fe03023b7.jpg,1
cd5530ce-fdda-4199-bea9-11032d8733ff.jpg,1
cd9bbe84-82c7-4b3d-829a-337d56a05097.jpg,0
cd23b1e3-d6d1-4ba4-81ca-a4607ee99f6c.jpg,0
ccf041c6-e782-4763-8555-dfda470f914b.jpg,0
c7139a85-d4a9-4159-9630-7cce5b81eb92.jpg,0
c9d3122c-5786-4592-a00c-52356424b6b0.jpg,0
c7c12baf-2cfc-4a9a-a241-e7864a3c64b7.jpg,1
cc6a296b-2974-4978-aaa1-395d16ecd9e6.jpg,0
c6e71003-efb0-477f-80e6-8edcc61aeec9.jpg,0
c6e81220-77c2-4117-bdea-3eaaf53375d1.jpg,0
c3e6c83f-db01-4ef7-ba3b-21ddf4c81f4a.jpg,0
c6b7a819-22a4-4e2a-80b4-a862f852876b.jpg,0
c38dd96e-7be0-4a8e-b82d-51b05ec970ab.jpg,0
c00f160a-ceaf-42fb-8a8a-75d549778c6c.jpg,0
c0026d22-9ff2-4b7f-b108-4b41f0383939.jpg,0
c21db8ac-7bf6-437c-8184-a59670a434d1.jpg,0
c1ee5f98-dd5c-4101-b048-27e0bdeb387f.jpg,1
c30f63d7-0be5-4235-a351-3be49277c3ad.jpg,0
c147b17e-d3a9-4050-8e09-2e43a651168c.jpg,0
c26f3729-9ad6-4bb4-87fa-8633ee4bca7f.jpg,0
c0850d3a-7653-425a-a7cd-50f94ea101d5.jpg,0
bf6ee386-92fb-4a08-a7bb-3dd39ce3cd61.jpg,0
bf5b8b0d-4322-47a9-8026-0bc144718c58.jpg,0
bd79a814-5610-4e7c-8885-9f36c229c72b.jpg,0
bcc3fa40-b59a-4e19-b75d-81412ce9283f.jpg,0
bb8bec1a-c0f0-4798-8d7f-f6be6181db6d.jpg,0
befcdef8-7d6f-4cd5-a456-f206af9e1c0a.jpg,0
b9f7f2e8-bedb-44c7-b7c9-1dede9a39a9e.jpg,1
bb9f4e49-cdb1-45cb-8e25-3c1b8096aad2.jpg,0
bc9687c7-00bc-4085-9aa9-c2e53bae1c23.jpg,1
ff45cb7e-0df8-46a5-9f19-0e915e1355c8.jpg,1
ff18a60d-8522-480f-9270-2d4d9bfc8c07.jpg,0
ffb0adf9-51e8-4da2-b19d-ccca8520d3be.jpg,0
fdda60e0-aeef-4263-9c1b-86ee0b1419ae.jpg,0
fe96e4b0-6112-4705-af3c-8f200b3ce929.jpg,1
fe7878d2-79de-4191-b6e2-5345316d4e71.jpg,0
fd42d178-aeb7-462a-86a9-1419a352d59e.jpg,0
fad9c81a-d9d0-4dc8-936c-d52ee4977b62.jpg,0
f75777f8-172c-4bff-b1b3-66ca66d146c2.jpg,1
f7bc7d7d-e619-4ea3-843e-7eba2e912a5d.jpg,0
f3f6de1d-6af6-4ae9-9cea-08620d0606f4.jpg,0
f32fb1be-9492-4e1f-8f24-6152e07b12ff.jpg,0
f9e30803-e2c8-4db4-9a22-3ee08c8cf32f.jpg,0
f9435304-64de-4670-999f-e816d20a7b05.jpg,0
f088513a-7070-41fd-89fd-2c4f1bab45e0.jpg,0
f2c45649-9cf7-4b27-970e-9a534c90c00d.jpg,0
f83aa471-c77f-4aaa-b311-2e5c73043fc5.jpg,1
